1,3.87831858407,4.0,0.926869698678,1,5
2,3.20610687023,3.0,0.962800917583,1,5
3,3.03333333333,3.0,1.20600350101,1,5
4,3.55023923445,4.0,0.962757423572,1,5
5,3.3023255814,3.0,0.940926898797,1,5
6,3.57692307692,4.0,1.27620461716,1,5
7,3.79846938776,4.0,0.980783580988,1,5
8,3.99543378995,4.0,0.999989574809,1,5
9,3.89632107023,4.0,1.04062296941,1,5
10,3.83146067416,4.0,1.00823524828,1,5
11,3.84745762712,4.0,1.06665260213,1,5
12,4.38576779026,5.0,0.823953013103,1,5
13,3.41847826087,4.0,1.0288690866,1,5
14,3.96721311475,4.0,0.996724906522,1,5
15,3.77815699659,4.0,0.978576323239,1,5
16,3.20512820513,3.0,1.01727356025,1,5
17,3.11956521739,3.0,1.16881946484,1,5
18,2.8,3.0,1.24899959968,1,5
19,3.95652173913,4.0,1.05548646122,1,5
20,3.41666666667,4.0,1.22190652488,1,5
21,2.7619047619,3.0,1.0421937442,1,5
22,4.15151515152,4.0,0.960817935402,1,5
23,4.12087912088,4.0,0.849501014949,2,5
24,3.44827586207,4.0,0.997221665597,1,5
25,3.44368600683,4.0,1.03244436274,1,5
26,3.45205479452,3.0,0.891990169649,1,5
27,3.10526315789,3.0,1.08715321999,1,5
28,3.93115942029,4.0,0.806881698909,2,5
29,2.66666666667,3.0,1.02312444293,1,5
30,3.94594594595,4.0,0.836529056246,1,5
31,3.62987012987,4.0,0.882376504006,1,5
32,3.79012345679,4.0,1.05076162128,1,5
33,3.45360824742,4.0,1.05538011481,1,5
34,2.71428571429,2.0,1.27775313,1,5
35,2.18181818182,2.0,1.26621711611,1,5
36,2.15384615385,2.0,0.863459396948,1,4
37,2.25,2.0,0.968245836552,1,4
38,3.00833333333,3.0,1.01238853982,1,5
39,3.26436781609,3.0,1.02227793997,1,5
40,2.89473684211,3.0,1.10317262612,1,5
41,3.08108108108,3.0,1.12414239692,1,5
42,3.80405405405,4.0,1.11293854875,1,5
43,3.0,3.0,0.866025403784,1,5
44,3.3417721519,3.0,1.00487515377,1,5
45,4.05,4.0,0.878919791562,1,5
46,3.55555555556,4.0,0.916245694582,1,5
47,3.6015037594,4.0,1.06862183485,1,5
48,4.09401709402,4.0,0.969473431689,1,5
49,3.32098765432,3.0,0.886485089927,1,5
50,4.35849056604,5.0,0.880584820193,1,5
51,3.45679012346,4.0,1.15522840151,1,5
52,3.76923076923,4.0,0.902705616612,1,5
53,2.953125,3.0,1.32204490634,1,5
54,3.24038461538,3.0,0.826196013105,1,5
55,3.70469798658,4.0,1.01335614697,1,5
56,4.06091370558,4.0,1.14941838202,1,5
57,4.0,4.0,1.1401754251,1,5
58,3.64571428571,4.0,0.835068126269,1,5
59,4.06024096386,4.0,1.01018187066,1,5
60,4.015625,4.0,1.05315281862,1,5
61,3.86440677966,4.0,0.964762675984,1,5
62,3.14173228346,3.0,1.00959498739,1,5
63,3.09756097561,3.0,0.944944908674,1,5
64,4.44522968198,5.0,0.765651896821,1,5
65,3.53913043478,4.0,0.953592352261,1,5
66,3.54938271605,4.0,0.929970589843,1,5
67,3.04854368932,3.0,1.20981937813,1,5
68,3.41791044776,4.0,1.10830317706,1,5
69,3.85358255452,4.0,1.07378617998,1,5
70,3.66135458167,4.0,0.888651647591,1,5
71,3.78181818182,4.0,0.975908138205,1,5
72,3.19379844961,3.0,0.981041365554,1,5
73,3.46875,3.0,0.847215106983,1,5
74,3.0,3.0,1.30930734142,1,5
75,3.0,4.0,1.26491106407,1,4
76,3.40740740741,3.5,0.850240020981,1,5
77,3.27814569536,3.0,0.95014073825,1,5
78,2.45454545455,2.0,1.10346311855,1,5
79,4.04464285714,4.0,0.802396628009,1,5
80,2.76470588235,3.0,0.986938925621,1,5
81,3.55454545455,4.0,1.11670264323,1,5
82,3.72030651341,4.0,1.01063762635,1,5
83,4.0625,4.0,0.867049922543,1,5
84,3.0,3.0,1.0,1,5
85,3.03448275862,3.0,1.04988533432,1,5
86,3.94,4.0,0.981359601098,1,5
87,3.90579710145,4.0,0.947060143472,1,5
88,3.53990610329,4.0,1.009138521,1,5
89,4.13818181818,4.0,0.9040295468,1,5
90,3.05263157895,3.0,1.08935926173,1,5
91,3.58741258741,4.0,1.08601195971,1,5
92,3.61538461538,4.0,0.983593219426,1,5
93,3.72321428571,4.0,1.06242496734,1,5
94,3.08759124088,3.0,1.03567357083,1,5
95,3.81278538813,4.0,0.909925484714,1,5
96,4.00677966102,4.0,0.974221011152,1,5
97,3.79296875,4.0,1.04213449781,1,5
98,4.28974358974,4.0,0.835523748468,1,5
99,3.70930232558,4.0,0.893988698094,1,5
100,4.15551181102,4.0,0.974795119731,1,5
101,3.2602739726,3.0,1.18237510285,1,5
102,3.12962962963,3.0,1.08944933927,1,5
103,1.86666666667,2.0,0.884433277428,1,3
104,1.4,1.0,0.8,1,3
105,2.56756756757,3.0,0.95974491376,1,5
106,2.88732394366,3.0,1.00069406582,1,5
107,3.5,4.0,1.11803398875,1,5
108,3.07692307692,3.0,1.07141448286,1,5
109,3.43076923077,4.0,1.08796536666,1,5
110,2.51612903226,3.0,1.10339557268,1,5
111,3.48529411765,4.0,0.954750461066,1,5
112,2.45,2.5,1.20312094155,1,5
113,4.11111111111,4.0,0.73702773119,3,5
114,4.44776119403,5.0,0.75870238968,1,5
115,3.73333333333,4.0,1.18133634311,1,5
116,3.824,4.0,1.05120121766,1,5
117,3.69312169312,4.0,0.97915052861,1,5
118,3.21501706485,3.0,1.1045267158,1,5
119,4.5,5.0,0.866025403784,3,5
120,2.23880597015,2.0,1.09393923593,1,5
121,3.43822843823,4.0,1.11528170066,1,5
122,2.33962264151,2.0,1.10647146501,1,5
123,3.2347826087,3.0,0.980952817929,1,5
124,4.05347593583,4.0,0.911792149131,1,5
125,3.55737704918,4.0,0.967074177295,1,5
126,3.80412371134,4.0,1.05164745825,1,5
127,4.28329297821,5.0,0.933444662729,1,5
128,3.53846153846,4.0,1.0239730026,1,5
129,3.82170542636,4.0,0.943764623815,1,5
130,2.26086956522,2.0,1.25861868053,1,5
131,3.72631578947,4.0,1.03050427373,1,5
132,4.07723577236,4.0,0.957496142609,1,5
133,3.87134502924,4.0,1.06284840354,1,5
134,4.29292929293,5.0,0.843902972695,2,5
135,3.96911196911,4.0,1.02432366942,1,5
136,4.12380952381,4.0,0.891176195451,1,5
137,3.90058479532,4.0,1.04660392459,1,5
138,2.57894736842,3.0,1.3500795093,1,5
139,2.78,3.0,0.922821759605,1,5
140,3.2131147541,3.0,1.11788374565,1,5
141,3.5,4.0,0.726483157257,2,5
142,3.0701754386,3.0,1.00628985261,1,5
143,3.76576576577,4.0,1.15434904206,1,5
144,3.87242798354,4.0,0.940723098748,1,5
145,2.44615384615,3.0,1.08174743577,1,5
146,2.5,3.0,1.11803398875,1,4
147,3.47027027027,4.0,1.07070698161,1,5
148,3.203125,3.0,1.04102845032,1,5
149,3.0,3.0,1.21583751775,1,5
150,3.82802547771,4.0,1.05382738255,1,5
151,3.63190184049,4.0,1.0935227883,1,5
152,3.63414634146,4.0,0.994033359625,1,5
153,3.78542510121,4.0,0.947247301853,1,5
154,3.74712643678,4.0,0.979307646642,1,5
155,3.10204081633,3.0,1.13829263407,1,5
156,3.98648648649,4.0,0.979426793799,1,5
157,3.69291338583,4.0,1.00009299586,1,5
158,2.61666666667,3.0,0.932588988903,1,5
159,3.22772277228,3.0,0.888665571181,1,5
160,3.46376811594,4.0,1.0710919546,1,5
161,3.48181818182,4.0,1.0333688788,1,5
162,3.55660377358,3.0,1.00075621105,1,5
163,3.55434782609,4.0,0.936739609715,1,5
164,3.58940397351,4.0,0.908178609346,1,5
165,4.109375,4.0,0.84994829806,1,5
166,4.12068965517,4.0,0.721052540218,3,5
167,2.9552238806,3.0,0.888279165156,1,5
168,4.0664556962,4.0,0.993020628968,1,5
169,4.46610169492,5.0,0.820109577113,1,5
170,4.17355371901,4.0,0.933116044712,1,5
171,3.87692307692,4.0,1.00011833619,1,5
172,4.20435967302,4.0,0.921545060444,1,5
173,4.17283950617,4.0,0.997405566021,1,5
174,4.25238095238,4.0,0.890756258478,1,5
175,3.81730769231,4.0,1.10300658235,1,5
176,3.94718309859,4.0,0.927300615369,1,5
177,3.86131386861,4.0,0.905639119824,1,5
178,4.344,4.0,0.716703564942,2,5
179,3.90950226244,4.0,1.16158349801,1,5
180,4.04524886878,4.0,0.969086688827,1,5
181,4.00788954635,4.0,0.923043206451,1,5
182,3.95132743363,4.0,0.960421648207,1,5
183,4.03436426117,4.0,0.926242747213,1,5
184,3.43103448276,4.0,1.17608451733,1,5
185,4.10041841004,4.0,0.913840482493,1,5
186,3.83665338645,4.0,0.924010807021,1,5
187,4.18660287081,4.0,0.916939177224,1,5
188,3.68235294118,4.0,0.948209020217,1,5
189,4.10606060606,4.0,0.906688745477,1,5
190,4.13709677419,4.0,0.901026989494,1,5
191,4.16304347826,4.0,0.820178143159,1,5
192,4.12068965517,4.0,0.939140953889,1,5
193,3.91719745223,4.0,0.765179995805,2,5
194,4.05809128631,4.0,0.827902218232,1,5
195,3.93355481728,4.0,0.969075142792,1,5
196,3.91633466135,4.0,0.89541334106,1,5
197,4.10460251046,4.0,0.915658615283,1,5
198,4.00787401575,4.0,0.873909335935,1,5
199,4.17575757576,4.0,0.830855821293,1,5
200,3.82524271845,4.0,1.00896163548,1,5
201,3.51685393258,4.0,1.17188371888,1,5
202,3.76428571429,4.0,0.934350150683,1,5
203,3.86813186813,4.0,0.904309477426,1,5
204,3.83428571429,4.0,0.910868614375,1,5
205,3.99264705882,4.0,0.958678038402,1,5
206,3.38,4.0,1.11157545853,1,5
207,3.81818181818,4.0,0.998621639593,1,5
208,3.945,4.0,0.901096554205,2,5
209,3.9057591623,4.0,1.0034069318,1,5
210,3.93051359517,4.0,0.874965364336,1,5
211,3.91262135922,4.0,0.914890795292,1,5
212,3.45652173913,4.0,1.23722202392,1,5
213,3.98507462687,4.0,0.905909904806,2,5
214,3.35087719298,3.0,1.154567255,1,5
215,3.69811320755,4.0,1.02487745536,1,5
216,3.91034482759,4.0,0.886039162981,1,5
217,3.15833333333,3.0,1.07234815035,1,5
218,3.45614035088,3.0,0.906187478607,1,5
219,3.17117117117,3.0,1.30745522635,1,5
220,3.36363636364,3.0,1.13666662627,1,5
221,3.72972972973,4.0,1.10645889138,1,5
222,3.6602739726,4.0,0.927323402089,1,5
223,4.19852941176,4.0,0.79353873234,1,5
224,3.70454545455,4.0,1.05700145038,1,5
225,2.90825688073,3.0,1.07123596972,1,5
226,3.35542168675,3.0,1.00009072023,1,5
227,3.27950310559,3.0,1.04680039045,1,5
228,3.81557377049,4.0,0.959637951863,1,5
229,3.11111111111,3.0,0.957851179668,1,5
230,3.4472361809,3.0,1.03018752232,1,5
231,2.68309859155,3.0,0.981302083465,1,5
232,3.20792079208,3.0,0.882355439967,1,5
233,3.29032258065,3.0,0.990065113111,1,5
234,3.775,4.0,0.983479609782,1,5
235,2.84792626728,3.0,1.16393890052,1,5
236,3.62222222222,4.0,1.06016537261,1,5
237,3.7109375,4.0,0.936685844397,1,5
238,3.875,4.0,1.01165087851,1,5
239,3.51333333333,3.0,0.892462261885,1,5
240,2.78846153846,3.0,1.25580506094,1,5
241,3.546875,4.0,1.05222513483,1,5
242,3.99145299145,4.0,0.991379307607,1,5
243,2.43939393939,2.0,1.14981932545,1,5
244,3.16666666667,3.0,1.0474837575,1,5
245,3.10833333333,3.0,0.98146008013,1,5
246,3.93548387097,4.0,1.01395055777,1,5
247,1.8,1.0,1.6,1,5
248,3.675,4.0,0.93908199855,1,5
249,3.24615384615,3.0,1.13042904354,1,5
250,3.47715736041,4.0,1.10638939942,1,5
251,4.26086956522,5.0,0.987636234052,1,5
252,2.94303797468,3.0,1.04484067519,1,5
253,3.69230769231,4.0,1.35218429471,1,5
254,2.45161290323,2.0,1.07279284828,1,5
255,3.36046511628,3.0,1.08812609027,1,5
256,3.5625,4.0,1.05881714663,1,5
257,3.74587458746,4.0,0.921743833092,1,5
258,3.80353634578,4.0,0.993449700598,1,5
259,2.68518518519,3.0,1.13568504492,1,5
260,2.57480314961,3.0,1.20706375722,1,5
261,2.55813953488,3.0,1.31719090777,1,5
262,3.71212121212,4.0,1.12499362308,1,5
263,2.15789473684,1.0,1.46046704479,1,5
264,2.74257425743,3.0,0.908196617463,1,5
265,3.86343612335,4.0,0.887421945004,1,5
266,2.71428571429,3.0,1.38505138783,1,5
267,3.44444444444,4.0,1.06574033851,1,5
268,3.79215686275,4.0,1.06639269838,1,5
269,3.92698412698,4.0,0.945029830588,1,5
270,3.59558823529,4.0,0.942295979405,1,5
271,3.23222748815,3.0,1.1715846867,1,5
272,4.26262626263,4.0,0.823712445975,2,5
273,3.56950672646,4.0,1.00374332055,1,5
274,3.5,4.0,0.961084913276,1,5
275,4.01119402985,4.0,0.8997645171,1,5
276,3.69798657718,4.0,1.16840221301,1,5
277,3.46478873239,4.0,1.07245914483,1,5
278,3.23333333333,3.0,1.14552268516,1,5
279,3.28571428571,3.5,1.09730653541,1,5
280,3.18823529412,3.0,1.06819383179,1,5
281,3.14383561644,3.0,0.891279871081,1,5
282,3.68534482759,4.0,0.951473839525,1,5
283,3.71751412429,4.0,0.979668184961,1,5
284,3.16062176166,3.0,1.03318192899,1,5
285,4.26543209877,4.0,0.866333339579,1,5
286,3.65696465696,4.0,1.16818458976,1,5
287,3.58974358974,4.0,0.897802123078,1,5
288,3.44142259414,4.0,1.11274457387,1,5
289,2.98069498069,3.0,1.23166628338,1,5
290,3.11458333333,3.0,0.933963236101,1,5
291,3.37007874016,3.0,0.945800078809,1,5
292,3.66666666667,4.0,0.97931829733,1,5
293,3.80272108844,4.0,0.813487125381,1,5
294,3.15670103093,3.0,1.09741093775,1,5
295,3.4025974026,3.0,0.996874860384,1,5
296,3.33333333333,3.5,0.7453559925,2,4
297,3.96,4.0,0.72,3,5
298,3.76804123711,4.0,0.959386229026,1,5
299,2.93150684932,3.0,1.18586154016,1,5
300,3.63109048724,4.0,0.996913319114,1,5
301,3.30434782609,3.5,1.09682476935,1,5
302,4.16161616162,4.0,0.85328129624,1,5
303,3.68656716418,4.0,0.965199773984,1,5
304,3.53691275168,4.0,0.944951189627,1,5
305,3.64367816092,4.0,1.00546794155,1,5
306,3.94791666667,4.0,0.917080872327,1,5
307,3.51595744681,4.0,0.975639800062,1,5
308,2.96666666667,3.0,1.25122162527,1,5
309,2.85714285714,3.0,1.32864823127,1,5
310,3.6,4.0,0.882003987793,1,5
311,3.68,4.0,0.896809158443,1,5
312,3.1625,3.0,1.089079313,1,5
313,4.24571428571,5.0,0.94546824594,1,5
314,1.0,1.0,0.0,1,1
315,4.1,4.0,0.852936105462,1,5
316,4.19642857143,4.0,0.799992028022,1,5
317,3.91176470588,4.0,0.852941176471,1,5
318,4.46644295302,5.0,0.827717062369,1,5
319,3.27380952381,3.0,1.11644834905,1,5
320,4.05,5.0,1.2835497653,1,5
321,3.13017751479,3.0,1.03528315503,1,5
322,3.0871559633,3.0,0.975253523137,1,5
323,2.93333333333,3.0,1.10100963766,1,5
324,3.136,3.0,1.29826961761,1,5
325,2.546875,2.0,1.292160104,1,5
326,3.36,3.0,1.15219046045,1,5
327,3.37714285714,3.0,1.07200365519,1,5
328,3.42372881356,4.0,1.01519622935,1,5
329,3.33333333333,3.0,0.988826464946,1,5
330,3.0243902439,3.0,1.15795877761,1,5
331,3.53982300885,4.0,0.931602465924,1,5
332,3.46153846154,4.0,0.95176854718,1,5
333,3.59362549801,4.0,1.03821368349,1,5
334,3.359375,3.0,1.15064095589,1,5
335,2.7619047619,3.0,1.10861397398,1,5
336,2.62790697674,2.0,1.20122526234,1,5
337,3.0,3.0,1.24721912892,1,5
338,2.65934065934,3.0,1.17874752136,1,5
339,3.25531914894,3.0,1.10063975799,1,5
340,3.5873015873,4.0,1.17245621033,1,5
341,3.09090909091,3.0,1.5048132143,1,5
342,2.92307692308,3.0,1.19044519543,1,5
343,3.09677419355,3.0,1.14595610763,1,5
344,3.65454545455,4.0,1.11548084729,1,5
345,3.4,4.0,1.17407901713,1,5
346,3.64285714286,4.0,1.07986099719,1,5
347,3.51094890511,4.0,1.06789094499,1,5
348,3.2962962963,3.0,0.935505995579,1,5
349,2.90322580645,3.0,1.11745213392,1,5
350,3.14634146341,3.0,1.20083254879,1,5
351,2.7,3.0,1.14455231423,1,5
352,2.11538461538,1.0,1.47614162018,1,5
353,2.42857142857,2.0,1.34771159029,1,5
354,3.48611111111,4.0,0.971726063873,1,5
355,2.92682926829,3.0,0.997319429281,1,5
356,3.38144329897,3.0,0.878650546502,1,5
357,4.29166666667,4.0,0.840593375076,1,5
358,2.61538461538,3.0,1.13385953252,1,5
359,3.5,3.0,1.30170827932,1,5
360,3.2,3.5,1.4,1,5
361,3.5,4.0,1.62788205961,1,5
362,2.82142857143,3.0,1.33773720002,1,5
363,2.72340425532,3.0,1.02525819601,1,5
364,2.67567567568,3.0,1.09183837171,1,5
365,3.20833333333,3.0,1.11725730648,1,5
366,3.34042553191,3.0,0.995235367109,1,5
367,3.45882352941,4.0,0.914625492968,1,5
368,1.90322580645,1.0,1.08820179312,1,5
369,2.63636363636,3.0,1.22643068757,1,5
370,2.82051282051,3.0,1.1518501254,1,5
371,3.16417910448,3.0,1.28825944042,1,5
372,3.52941176471,4.0,0.977249866226,1,5
373,2.89743589744,3.0,0.955278769754,1,5
374,2.27272727273,2.0,1.13545418153,1,4
375,1.95652173913,2.0,1.12204242614,1,5
376,2.83333333333,3.0,0.7453559925,2,5
377,2.15384615385,2.0,1.02628185109,1,4
378,3.72277227723,4.0,1.08197483437,1,5
379,2.97674418605,3.0,1.19082484786,1,5
380,3.33620689655,3.0,0.946353851562,1,5
381,3.55,4.0,1.01365674664,1,5
382,3.59459459459,4.0,1.02560356546,1,5
383,2.06451612903,2.0,0.87751422637,1,5
384,2.78260869565,3.0,1.00534175049,1,5
385,3.5625,4.0,1.07235250913,1,5
386,2.81609195402,3.0,0.941125953584,1,5
387,3.38461538462,3.0,1.00295421619,1,5
388,2.39285714286,2.0,0.97611788348,1,5
389,3.44444444444,3.0,1.03040205506,1,5
390,3.2,3.0,1.32664991614,1,5
391,2.74576271186,3.0,0.94945515757,1,5
392,3.54411764706,4.0,1.00635953594,1,5
393,3.41145833333,4.0,0.96957570098,1,5
394,3.33333333333,3.5,1.17851130198,1,5
395,2.58928571429,3.0,0.996006054813,1,5
396,2.81481481481,3.0,1.15588789143,1,5
397,2.58333333333,3.0,0.953793595188,1,4
398,2.07692307692,2.0,1.03489415747,1,4
399,3.30337078652,3.0,0.928989959937,1,5
400,2.72222222222,3.0,1.23852760053,1,5
401,2.80263157895,3.0,1.12413401573,1,5
402,3.46470588235,4.0,1.0067076078,1,5
403,3.42786069652,4.0,0.944225656317,1,5
404,3.67326732673,4.0,0.880019249239,1,5
405,3.31395348837,3.0,0.973624586299,1,5
406,2.44897959184,3.0,0.970193006041,1,4
407,2.51162790698,2.0,0.997020981871,1,5
408,4.49107142857,5.0,0.76759754748,1,5
409,3.14285714286,3.0,0.975202752336,1,5
410,3.12962962963,3.0,1.21278624667,1,5
411,2.91411042945,3.0,1.08191362506,1,5
412,2.39784946237,2.0,1.12775144965,1,5
413,2.63636363636,3.0,1.06794001132,1,5
414,3.53225806452,4.0,0.928365576204,1,5
415,2.84,3.0,0.83330666624,1,4
416,3.484375,3.5,1.06054507654,1,5
417,3.09589041096,3.0,1.00906010196,1,5
418,3.58139534884,4.0,0.895273328136,1,5
419,3.72471910112,4.0,0.98731060182,1,5
420,3.66666666667,4.0,0.846197011763,1,5
421,3.59433962264,4.0,1.16374721601,1,5
422,2.84615384615,3.0,1.02628185109,1,5
423,3.83333333333,4.0,1.04189997387,1,5
424,1.31578947368,1.0,0.65314071821,1,3
425,3.74117647059,4.0,0.984024643121,1,5
426,2.84375,3.0,1.22753245884,1,5
427,4.29223744292,4.0,0.738061151434,1,5
428,3.81818181818,4.0,1.02045201457,1,5
429,3.9381443299,4.0,0.88299435486,1,5
430,4.0,4.0,0.983738753676,1,5
431,3.53594771242,4.0,1.07876802034,1,5
432,3.77011494253,4.0,1.10590005395,1,5
433,3.69005847953,4.0,0.998750972641,1,5
434,3.83582089552,4.0,0.856877617577,1,5
435,3.94907407407,4.0,0.856456456091,1,5
436,3.53535353535,4.0,0.913569216533,1,5
437,1.0,1.0,0.0,1,1
438,1.16666666667,1.0,0.37267799625,1,2
439,1.0,1.0,0.0,1,1
440,1.64285714286,1.0,0.971533607767,1,4
441,2.56603773585,3.0,0.961709051877,1,5
442,1.25,1.0,0.433012701892,1,2
443,3.80864197531,4.0,0.87159532048,1,5
444,2.71739130435,3.0,1.05630700985,1,5
445,3.5,4.0,0.839372059665,2,5
446,2.44444444444,2.0,1.06574033851,1,4
447,3.5041322314,4.0,0.980166682925,1,5
448,3.38823529412,3.0,0.971283173673,1,5
449,3.03418803419,3.0,1.0616196619,1,5
450,2.39682539683,2.0,1.16209556938,1,5
451,3.34705882353,4.0,1.22839811857,1,5
452,2.66666666667,3.0,1.07778298447,1,5
453,1.9375,2.0,0.899218410621,1,4
454,2.875,3.0,1.05326872165,1,5
455,3.25517241379,3.0,1.06854274176,1,5
456,2.3125,3.0,1.0831329943,1,5
457,1.74074074074,1.0,1.0396791739,1,4
458,3.12222222222,3.0,1.1038093412,1,5
459,3.75,4.0,1.01036297108,1,5
460,3.0,3.0,1.06904496765,1,5
461,3.62162162162,4.0,0.800383399728,2,5
462,3.80405405405,4.0,0.905380193275,1,5
463,3.85915492958,4.0,0.997119437771,1,5
464,3.59259259259,4.0,1.13069166833,1,5
465,3.56470588235,4.0,1.05659897032,1,5
466,3.59615384615,4.0,1.04254893603,1,5
467,3.79166666667,4.0,0.789470638396,2,5
468,3.3125,3.0,1.05881714663,1,5
469,3.77611940299,4.0,0.974616580138,1,5
470,3.66666666667,4.0,0.971825315808,1,5
471,3.61085972851,4.0,0.8628426571,1,5
472,3.08227848101,3.0,1.09639911121,1,5
473,3.12698412698,3.0,0.999874015748,1,5
474,4.25257731959,4.0,0.851389741214,2,5
475,3.884,4.0,1.07635681816,1,5
476,3.01875,3.0,1.09813407082,1,5
477,3.21052631579,3.0,1.16884771726,1,5
478,4.11538461538,4.0,0.835598499323,2,5
479,4.25139664804,4.0,0.68375871646,2,5
480,4.28491620112,4.0,0.710925408965,2,5
481,3.93650793651,4.0,1.00590346144,1,5
482,3.984375,4.0,0.968119754666,1,5
483,4.45679012346,5.0,0.726614270102,1,5
484,4.21014492754,4.0,0.756162111201,2,5
485,3.816,4.0,1.04601338424,1,5
486,3.796875,4.0,0.869261315356,1,5
487,4.10294117647,4.0,0.824972475162,2,5
488,4.2,4.0,0.807655676825,2,5
489,4.11538461538,4.0,0.750739280613,2,5
490,4.02,4.0,0.761314652427,2,5
491,3.79104477612,4.0,0.838216184006,2,5
492,3.86440677966,4.0,0.812145664455,2,5
493,4.15,4.0,0.812916559884,2,5
494,4.0,4.0,0.731925054711,3,5
495,3.66101694915,4.0,0.772628564071,2,5
496,4.12121212121,4.0,0.990443646727,1,5
497,3.83823529412,4.0,0.964217056929,2,5
498,4.18421052632,4.0,0.755863506123,2,5
499,3.95161290323,4.0,0.727953812671,2,5
500,3.90322580645,4.0,0.892796935684,1,5
501,3.49593495935,3.0,0.998974952198,1,5
502,3.70175438596,4.0,1.02537818921,1,5
503,3.64102564103,4.0,0.659727196424,2,5
504,3.81967213115,4.0,0.949688416915,1,5
505,4.0,4.0,0.747545001596,2,5
506,3.85555555556,4.0,0.949398770113,2,5
507,3.81632653061,4.0,0.972551229179,1,5
508,3.59534883721,4.0,0.968804943137,1,5
509,3.85123966942,4.0,0.915081688309,1,5
510,3.94214876033,4.0,0.902682143531,1,5
511,4.23121387283,4.0,0.869361087192,2,5
512,4.0,4.0,1.10818327701,1,5
513,4.33333333333,4.0,0.781735959971,1,5
514,3.91111111111,4.0,1.06086384554,1,5
515,4.2039800995,4.0,0.899521199119,1,5
516,3.96825396825,4.0,1.03843982437,1,5
517,3.76923076923,4.0,1.01718122773,1,5
518,3.65168539326,4.0,1.01783117732,1,5
519,4.1,4.0,0.751664818919,2,5
520,4.10483870968,4.0,0.850223389878,2,5
521,3.83333333333,4.0,1.0354816378,1,5
522,3.77142857143,4.0,1.12340590008,1,5
523,3.99390243902,4.0,0.784739751948,2,5
524,4.02173913043,4.0,0.920518059119,1,5
525,4.02739726027,4.0,1.00645318831,1,5
526,3.83064516129,4.0,0.948018087087,1,5
527,4.02051282051,4.0,0.797167899562,1,5
528,4.13223140496,4.0,0.822635843843,1,5
529,3.97849462366,4.0,0.867309455057,1,5
530,4.025,4.0,0.894077737112,1,5
531,3.92248062016,4.0,0.920165161285,1,5
532,3.31818181818,3.0,1.01741042207,1,5
533,3.66666666667,4.0,0.86922698736,2,5
534,3.30769230769,3.0,1.13575562002,1,5
535,3.16666666667,3.0,0.995359603732,1,5
536,3.3,3.5,1.26885775404,1,5
537,3.63333333333,4.0,1.0482790129,1,5
538,3.42424242424,4.0,1.087958974,1,5
539,2.47727272727,3.0,1.0972825186,1,4
540,2.51162790698,3.0,0.845565533149,1,4
541,2.87755102041,3.0,1.08105490924,1,5
542,2.52941176471,3.0,1.07289129571,1,5
543,3.61904761905,4.0,1.1741740958,1,5
544,3.15492957746,3.0,1.05680740745,1,5
545,1.83333333333,2.0,0.687184270936,1,3
546,3.03149606299,3.0,1.0034351069,1,5
547,3.34146341463,4.0,1.22194878535,1,5
548,2.16666666667,2.0,1.14260910007,1,5
549,3.5652173913,4.0,0.900535442487,1,5
550,3.28476821192,3.0,1.01235731359,1,5
551,2.41666666667,2.0,1.11492401335,1,5
552,2.86666666667,3.0,1.08730042869,1,5
553,3.28571428571,3.0,1.09004982307,1,5
554,2.80392156863,3.0,1.07593293477,1,5
555,2.0,1.5,1.18321595662,1,4
556,2.5,3.0,0.866025403784,1,4
557,3.11764705882,3.0,1.27797417544,1,5
558,3.67142857143,4.0,1.09180621739,1,5
559,3.18248175182,3.0,1.06173647948,1,5
560,2.72727272727,3.0,0.913625056466,1,4
561,3.06779661017,3.0,1.08712662446,1,5
562,3.20833333333,3.0,1.11725730648,1,5
563,2.41379310345,2.0,1.09912947935,1,5
564,2.03703703704,2.0,1.03571344105,1,4
565,2.68181818182,3.0,0.923745519677,1,4
566,3.56983240223,4.0,0.845220195343,1,5
567,2.8,3.0,1.19043809463,1,5
568,3.64782608696,4.0,0.970149950408,1,5
569,2.70149253731,3.0,0.946555820639,1,5
570,3.1,3.0,0.964365076099,1,5
571,2.5,3.0,0.981980506062,1,5
572,2.75862068966,3.0,0.934221874769,1,5
573,2.93939393939,3.0,1.22942198637,1,5
574,2.2,2.0,1.27540843131,1,5
575,2.54545454545,3.0,1.03252879015,1,5
576,3.02150537634,3.0,1.01577339171,1,5
577,2.21951219512,2.0,0.975609756098,1,4
578,3.15217391304,3.0,1.04189191011,1,5
579,2.63157894737,3.0,1.03672187387,1,4
580,3.375,3.0,1.13880419739,1,5
581,3.22033898305,3.0,1.12095293314,1,5
582,3.60119047619,4.0,1.12936919262,1,5
583,3.0,3.0,1.16247638744,1,5
584,3.54430379747,4.0,0.951979527948,1,5
585,2.48717948718,2.0,1.12937002798,1,5
586,2.67647058824,3.0,0.898383785253,1,4
587,3.57142857143,4.0,0.494871659305,3,4
588,3.79207920792,4.0,0.978145666157,1,5
589,4.02325581395,4.0,0.901893926961,2,5
590,2.0,2.0,1.0,1,4
591,3.60112359551,4.0,0.850247073413,1,5
592,3.33333333333,3.0,1.15470053838,1,5
593,3.16666666667,3.5,1.51840559652,1,5
594,2.4,3.0,0.8,1,3
595,3.09375,3.0,0.979775962912,1,5
596,3.37795275591,3.0,0.995494842789,1,5
597,3.15048543689,3.0,0.976259334717,1,5
598,2.25,2.5,0.829156197589,1,3
599,1.0,1.0,0.0,1,1
600,3.0,3.0,1.0,2,4
601,4.0,4.0,0.836660026534,3,5
602,3.7,4.0,0.854400374532,1,5
603,4.38755980861,5.0,0.710844418345,2,5
604,4.01234567901,4.0,0.777679790026,2,5
605,3.35483870968,3.0,0.89976294716,1,5
606,4.04545454545,4.0,0.860440658455,2,5
607,3.9696969697,4.0,0.920633789755,1,5
608,3.93333333333,4.0,0.512076383191,3,5
609,3.58333333333,4.0,0.780847118341,2,5
610,3.65853658537,4.0,1.02671049658,1,5
611,4.1,4.0,0.860232526704,2,5
612,3.94117647059,4.0,0.802245982176,2,5
613,4.03703703704,4.0,0.881139055805,2,5
614,3.74509803922,4.0,0.836499176773,2,5
615,4.05084745763,4.0,0.852190175592,2,5
616,3.421875,4.0,1.08692064309,1,5
617,3.77777777778,4.0,0.628539361055,3,5
618,3.61111111111,4.0,0.755637250485,2,5
619,3.171875,3.0,0.839543914501,1,5
620,3.09302325581,3.0,0.741273369791,2,4
621,2.90909090909,3.0,1.23983469973,1,5
622,3.35897435897,3.0,0.800230078683,1,5
623,2.92307692308,3.0,1.07141448286,1,5
624,3.27272727273,3.0,1.13545418153,2,5
625,3.32926829268,3.0,0.749876055592,1,5
626,3.25,3.5,1.47901994577,1,5
627,3.22666666667,3.0,1.07794042301,1,5
628,3.51479289941,4.0,0.949035691685,1,5
629,3.33766233766,3.0,0.920338582677,1,5
630,3.29032258065,3.0,0.886950134508,2,5
631,3.6218487395,4.0,1.02072306418,1,5
632,3.89655172414,4.0,0.92269573519,2,5
633,4.05797101449,4.0,0.849280308637,2,5
634,3.75,4.0,1.19895788083,1,5
635,2.73913043478,3.0,1.03071909488,1,5
636,3.24175824176,3.0,0.89369782907,1,5
637,3.02631578947,3.0,0.842516347031,1,5
638,3.77272727273,4.0,0.925979490339,1,5
639,3.7,4.0,0.979795897113,1,5
640,3.0243902439,3.0,1.31571745944,1,5
641,4.21212121212,4.0,1.0077750999,1,5
642,3.48314606742,4.0,0.98428505452,1,5
643,3.0,3.5,1.22474487139,1,4
644,3.77142857143,4.0,0.988092369474,1,5
645,3.81481481481,4.0,0.944262872888,1,5
646,3.86842105263,4.0,0.893575097176,2,5
647,4.1,4.0,0.973212647443,1,5
648,4.02985074627,4.0,0.828055612339,1,5
649,3.4,3.0,0.894427191,1,5
650,3.54166666667,4.0,1.1895085353,1,5
651,4.07602339181,4.0,0.779907386564,2,5
652,3.88888888889,4.0,0.948032400342,1,5
653,3.91176470588,4.0,0.852941176471,1,5
654,4.13605442177,4.0,0.980347403246,1,5
655,3.88105726872,4.0,0.844230343788,1,5
656,4.0,4.0,0.953462589246,1,5
657,4.25954198473,4.0,0.75753503695,1,5
658,3.41772151899,3.0,1.03859197452,1,5
659,4.07826086957,4.0,0.856157503662,1,5
660,3.76470588235,4.0,0.968556002763,1,5
661,4.10227272727,4.0,0.812400661442,2,5
662,3.42682926829,3.0,0.963105847397,1,5
663,3.90517241379,4.0,1.05845078947,1,5
664,3.54347826087,4.0,1.01524299381,1,5
665,2.83,3.0,1.09594707901,1,5
666,2.4,2.0,1.01980390272,1,4
667,2.16666666667,2.0,1.06718737291,1,5
668,2.16666666667,1.5,1.34370962472,1,4
669,1.61538461538,1.0,1.00295421619,1,4
670,3.0,3.0,1.15470053838,1,5
671,3.60869565217,3.0,1.03163569719,1,5
672,2.72307692308,3.0,1.20903893565,1,5
673,3.52325581395,4.0,0.885631349969,1,5
674,2.89583333333,3.0,0.871769831371,1,5
675,3.55555555556,4.0,1.06574033851,1,5
676,3.33766233766,3.0,1.01431813973,1,5
677,3.0,3.0,0.0,3,3
678,2.80821917808,3.0,1.02021845069,1,5
679,3.04672897196,3.0,1.03565571418,1,5
680,2.55882352941,2.5,1.4387735069,1,5
681,2.44444444444,2.0,1.36986977844,1,5
682,3.06,3.0,1.19849906133,1,5
683,2.40816326531,3.0,1.15914055683,1,5
684,3.79289940828,4.0,0.783526692997,1,5
685,3.35668789809,3.0,0.910048216358,1,5
686,3.68,4.0,0.926066952223,2,5
687,2.1884057971,2.0,1.10696559153,1,5
688,1.84090909091,1.0,1.06479152501,1,5
689,3.14942528736,3.0,1.15995179876,1,5
690,3.45806451613,4.0,1.06703514274,1,5
691,3.5,4.0,1.0,1,5
692,3.62804878049,4.0,0.950965413216,1,5
693,3.64835164835,4.0,0.976353682692,1,5
694,4.04545454545,4.0,1.0861639223,1,5
695,2.92307692308,3.0,1.20649131857,1,5
696,3.13924050633,3.0,0.83793261587,1,5
697,3.425,4.0,1.24272885216,1,5
698,3.0,3.5,1.09544511501,1,4
699,3.67647058824,4.0,0.951384591683,1,5
700,2.6,3.0,1.01980390272,1,5
701,4.0,4.0,0.632455532034,3,5
702,3.01886792453,3.0,1.10727552839,1,5
703,3.57894736842,4.0,0.815364914991,2,5
704,3.04166666667,3.0,0.789470638396,2,5
705,3.99270072993,4.0,0.985266278914,1,5
706,2.66666666667,3.0,0.942809041582,1,4
707,3.92857142857,4.0,1.0326308782,1,5
708,3.47524752475,4.0,0.907548753903,1,5
709,4.02884615385,4.0,0.892885671565,1,5
710,3.56962025316,4.0,0.866880692064,1,5
711,4.0,4.0,0.0,4,4
712,3.07843137255,3.0,0.762944174837,1,5
713,3.61111111111,4.0,0.979732893808,1,5
714,3.23076923077,4.0,0.973008510821,1,4
715,3.27586206897,3.0,1.16154529624,1,5
716,3.15517241379,3.0,1.21487510551,1,5
717,2.81707317073,3.0,1.13833477844,1,5
718,3.6875,4.0,1.21030729569,1,5
719,2.41379310345,3.0,1.03448275862,1,4
720,3.02325581395,3.0,1.10996275012,1,5
721,3.44444444444,3.5,1.13311544747,1,5
722,2.93103448276,3.0,0.907099754342,1,5
723,3.14705882353,3.0,1.14100969066,1,5
724,3.48684210526,4.0,0.952744250388,1,5
725,2.75,3.0,0.901387818866,1,4
726,2.42857142857,2.0,1.04978131834,1,4
727,3.46031746032,4.0,1.11020371111,1,5
728,3.02222222222,3.0,0.774277839564,1,4
729,3.48148148148,4.0,0.917741606916,1,5
730,3.5,3.0,0.957427107756,1,5
731,3.15384615385,3.0,0.833234708168,1,5
732,3.65,4.0,0.878603690206,1,5
733,3.2,3.0,1.04562580942,1,5
734,2.51851851852,3.0,0.833127546608,1,4
735,3.85401459854,4.0,0.947837692729,2,5
736,3.9358974359,4.0,0.924589217031,1,5
737,2.98305084746,3.0,1.09686031779,1,5
738,2.83870967742,3.0,1.01906896767,1,5
739,3.32317073171,3.0,1.08726539723,1,5
740,3.47619047619,4.0,1.12485826772,1,5
741,3.44827586207,4.0,1.16222755492,1,5
742,3.64419475655,4.0,0.94650649171,1,5
743,1.94871794872,2.0,1.10821450179,1,5
744,3.45652173913,3.0,0.948832732295,1,5
745,3.875,4.0,1.16592238164,1,5
746,3.66386554622,4.0,0.919237087077,1,5
747,3.46078431373,3.5,0.925367638944,1,5
748,3.12341772152,3.0,1.13932401241,1,5
749,3.17647058824,3.0,1.06099994184,1,5
750,3.85483870968,4.0,1.06023086642,1,5
751,3.42777777778,3.0,0.919121292658,1,5
752,3.30769230769,3.0,1.11295048278,1,5
753,3.70833333333,4.0,1.27407373762,1,5
754,3.38596491228,3.0,1.00445299707,1,5
755,3.3125,3.0,0.904991942874,1,5
756,2.8984375,3.0,1.02194547731,1,5
757,2.75,3.0,1.08972473589,1,4
758,1.71428571429,1.0,0.880630571853,1,4
759,2.18181818182,2.0,0.935966376453,1,4
760,2.65217391304,3.0,1.23741299746,1,5
761,3.04545454545,3.0,1.0214638661,1,5
762,3.39130434783,3.0,0.957311926576,1,5
763,3.38926174497,3.0,1.21904027272,1,5
764,2.75862068966,3.0,1.16427193215,1,5
765,2.8125,3.0,0.949917759598,1,4
766,3.11111111111,3.0,0.874889763779,1,4
767,2.18181818182,2.0,1.26621711611,1,4
768,3.07692307692,3.0,1.01614190874,1,5
769,2.45238095238,2.5,1.23832415466,1,5
770,3.38596491228,4.0,0.931973683178,1,5
771,2.63414634146,3.0,0.904085511846,1,5
772,3.0612244898,3.0,1.23566330639,1,5
773,2.94117647059,3.0,0.998268396969,1,4
774,2.9375,3.0,1.27322179922,1,5
775,2.76923076923,3.0,1.15384615385,1,5
776,3.22222222222,4.0,1.22726233524,1,5
777,1.25,1.0,0.433012701892,1,2
778,3.55263157895,4.0,0.978650209568,1,5
779,2.54838709677,3.0,0.910111998688,1,4
780,3.0,3.0,1.21583751775,1,5
781,3.33333333333,3.0,0.967733401567,1,5
782,2.6,3.0,0.8,1,4
783,2.72972972973,3.0,1.00400949303,1,4
784,1.0,1.0,0.0,1,1
785,3.15384615385,3.0,0.975033504709,1,5
786,2.64285714286,3.0,1.04246567995,1,4
787,3.23076923077,3.0,0.890448992522,2,5
788,1.66666666667,1.0,0.942809041582,1,3
789,3.57446808511,4.0,0.983798129506,1,5
790,2.90909090909,3.0,1.05496334458,1,5
791,2.5,2.0,1.20415945788,1,5
792,3.72093023256,4.0,0.910547532579,1,5
793,3.5,3.5,1.28452325787,1,5
794,3.65217391304,4.0,0.889977803933,1,5
795,2.42857142857,2.0,0.903507902905,1,4
796,3.08333333333,3.0,0.982485510213,1,5
797,3.09677419355,3.0,0.855903171705,1,5
798,2.22222222222,2.0,1.03040205506,1,4
799,3.2,4.0,1.16619037897,1,4
800,2.88461538462,3.0,1.18733454157,1,5
801,2.8125,3.0,0.634305722818,1,4
802,2.7,3.0,1.0295630141,1,5
803,2.55555555556,3.0,0.496903995,2,3
804,2.875,3.0,0.927024810887,1,4
805,3.62962962963,4.0,0.823189287811,2,5
806,3.46,4.0,0.921086315174,1,5
807,2.77777777778,3.0,1.22726233524,1,4
808,2.83870967742,3.0,0.953660999942,1,5
809,2.90697674419,3.0,0.983916083782,1,5
810,2.88888888889,3.0,0.899931410281,1,5
811,3.94444444444,4.0,0.524110062892,3,5
812,3.11111111111,3.0,1.04822012578,1,5
813,3.89285714286,4.0,1.01204480824,1,5
814,5.0,5.0,0.0,5,5
815,3.23214285714,3.0,0.886225370977,1,5
816,2.42857142857,2.0,1.32992762322,1,5
817,2.66666666667,3.0,1.24721912892,1,4
818,2.76,3.0,1.03072789814,1,5
819,2.7,3.0,0.92736184955,1,4
820,2.77419354839,3.0,0.996003111992,1,5
821,3.04545454545,3.0,1.06503404671,1,5
822,3.0,3.0,0.707106781187,2,4
823,2.87804878049,3.0,0.888822788209,1,5
824,2.75510204082,3.0,1.02081624493,1,4
825,3.03614457831,3.0,1.17653548103,1,5
826,2.575,3.0,1.05800519847,1,5
827,2.77192982456,3.0,1.02627830191,1,5
828,2.69230769231,3.0,1.20157687322,1,5
829,2.64705882353,3.0,0.996533785065,1,5
830,1.0,1.0,0.0,1,1
831,2.46153846154,2.0,1.08240363688,1,5
832,2.54545454545,3.0,1.07565086965,1,5
833,3.20408163265,3.0,1.124487944,1,5
834,2.2,2.0,1.23288280059,1,5
835,3.86666666667,4.0,0.884433277428,3,5
836,3.76923076923,4.0,0.973008510821,2,5
837,3.92,4.0,0.890842298053,2,5
838,2.75,2.5,1.47901994577,1,5
839,2.5,2.5,1.5,1,4
840,2.66037735849,3.0,1.1317609626,1,5
841,2.75,3.0,1.05079335108,1,5
842,3.14814814815,3.0,1.07853479841,1,5
843,3.0,3.0,1.0,1,5
844,3.35714285714,4.0,1.19166607202,1,5
845,3.46590909091,3.0,0.976413470033,1,5
846,3.06818181818,3.0,0.986216997898,2,5
847,3.72727272727,4.0,0.862439361864,1,5
848,3.55555555556,4.0,0.831479419283,2,5
849,2.71698113208,3.0,1.01641913971,1,5
850,4.0,4.5,1.22474487139,2,5
851,3.75,4.5,1.63935963108,1,5
852,1.0,1.0,0.0,1,1
853,3.85714285714,4.5,1.55182578446,1,5
854,3.375,4.0,1.65359456942,1,5
855,3.72727272727,4.0,1.02314806158,1,5
856,3.83333333333,4.0,1.04083299973,1,5
857,3.0,3.0,0.0,3,3
858,1.0,1.0,0.0,1,1
859,2.66666666667,3.0,0.86922698736,1,4
860,2.25,2.0,1.14564392374,1,5
861,2.33333333333,3.0,0.942809041582,1,3
862,2.11111111111,1.5,1.28620410031,1,5
863,3.91666666667,4.0,0.862006702732,2,5
864,3.16279069767,3.0,0.913216461213,1,5
865,3.47619047619,4.0,1.17995349461,1,5
866,3.31932773109,3.0,1.14446254025,1,5
867,4.0,4.0,0.816496580928,3,5
868,3.8,4.0,0.979795897113,2,5
869,3.0,3.0,1.04083299973,1,5
870,2.77777777778,3.0,0.628539361055,2,4
871,2.4,2.0,1.03279555899,1,5
872,3.09523809524,3.0,1.26884881852,1,5
873,2.96296296296,3.0,1.04756560176,1,5
874,3.25641025641,3.0,1.14842029111,1,5
875,2.7358490566,3.0,1.24614035668,1,5
876,2.70212765957,3.0,0.943395713932,1,5
877,2.53846153846,2.0,1.11737223433,1,5
878,2.51515151515,2.0,1.37336596286,1,5
879,3.27205882353,3.0,1.01072856486,1,5
880,3.16949152542,3.0,1.20946188304,1,5
881,2.93333333333,3.0,1.27191893522,1,5
882,3.29411764706,3.0,1.17647058824,1,5
883,3.23076923077,3.0,1.30995279738,1,5
884,3.28571428571,4.0,1.74963553056,1,5
885,2.23076923077,2.0,1.18671143235,1,5
886,3.07547169811,3.0,1.17920754657,1,5
887,3.609375,4.0,1.18079935187,1,5
888,3.46666666667,4.0,1.25786415094,1,5
889,3.38461538462,3.0,1.00295421619,2,5
890,1.95348837209,2.0,1.14024657415,1,5
891,2.66666666667,2.5,1.24721912892,1,5
892,2.75471698113,3.0,1.0444039625,1,5
893,2.42857142857,3.0,0.903507902905,1,4
894,1.89473684211,1.0,1.33356415361,1,5
895,3.21698113208,3.0,1.09030649128,1,5
896,3.77272727273,4.0,0.996896009066,2,5
897,1.5,1.5,0.5,1,2
898,3.22413793103,3.0,1.339622997,1,5
899,3.44444444444,3.0,1.34256066373,1,5
900,3.69047619048,4.0,0.987736595842,1,5
901,1.91666666667,1.0,1.44096803882,1,5
902,3.83333333333,4.0,1.08926945083,1,5
903,3.11111111111,3.0,0.99380799,1,5
904,3.45,3.5,1.43090880213,1,5
905,3.22222222222,3.0,0.916245694582,1,5
906,3.19047619048,3.0,1.25808045844,1,5
907,2.0,2.0,1.0,1,3
908,2.5,3.0,1.46628782986,1,5
909,3.76923076923,4.0,1.18671143235,1,5
910,2.0,2.0,0.707106781187,1,3
911,2.5,2.5,0.5,2,3
912,3.0,3.0,0.666666666667,2,4
913,2.5,2.5,1.5,1,4
914,2.72727272727,2.0,1.3545149478,1,5
915,3.92307692308,4.0,0.828486893405,2,5
916,3.16666666667,3.0,1.25830573921,1,5
917,3.42857142857,4.0,0.728431359085,2,4
918,3.0,3.0,1.0,1,4
919,3.79166666667,4.0,1.19823365371,1,5
920,2.2,2.0,1.16619037897,1,4
921,3.97826086957,4.0,1.01057733036,1,5
922,3.82352941176,4.0,1.12382195144,1,5
923,4.15517241379,4.0,0.867054549012,2,5
924,3.4,3.0,1.12928920904,1,5
925,3.32352941176,3.0,0.898383785253,2,5
926,2.70297029703,3.0,1.0581560129,1,5
927,3.16666666667,3.5,1.06718737291,1,4
928,3.11538461538,3.0,1.07692307692,1,5
929,2.7,3.0,1.05356537529,1,4
930,2.7,3.0,1.00498756211,1,5
931,2.15789473684,2.0,0.89422069736,1,4
932,2.925,3.0,1.12666543392,1,5
933,2.42857142857,3.0,1.00339559551,1,4
934,2.92647058824,3.0,0.974923473175,1,5
935,3.28571428571,3.0,0.880630571853,2,5
936,3.9375,4.0,0.933324032692,1,5
937,3.40540540541,4.0,1.05162575451,1,5
938,2.88,3.0,1.07032705282,1,5
939,3.6,4.0,0.75718777944,2,5
940,2.34375,2.0,0.922272160211,1,5
941,3.0652173913,3.0,1.13064379339,1,5
942,3.48888888889,4.0,0.909755088465,1,5
943,3.475,4.0,0.894077737112,1,5
944,3.0,3.0,1.07832773203,1,5
945,3.925,4.0,0.848159772684,2,5
946,3.14754098361,3.0,1.06872170577,1,5
947,3.23529411765,3.0,1.11299340755,1,5
948,2.16666666667,2.0,1.0865337342,1,4
949,3.33802816901,3.0,0.918413542924,1,5
950,2.9,3.0,0.978093383408,1,5
951,2.82051282051,3.0,1.083010876,1,5
952,3.17777777778,3.0,1.08092324507,1,5
953,3.31818181818,3.0,0.971707196656,2,5
954,3.54545454545,4.0,0.9875254992,2,5
955,3.40816326531,4.0,1.12337624037,1,5
956,3.60869565217,4.0,0.846431405823,1,5
957,2.0,2.0,1.0,1,3
958,3.78571428571,4.0,1.20585307258,1,5
959,3.46875,4.0,1.08927656612,1,5
960,3.24,4.0,1.27373466625,1,5
961,3.61764705882,4.0,1.18854102066,1,5
962,3.13043478261,4.0,1.15360862273,1,5
963,4.29268292683,4.0,0.86232534291,1,5
964,3.33333333333,4.0,1.15470053838,1,5
965,3.66666666667,4.0,0.890870806375,2,5
966,4.19230769231,4.0,0.87790093927,2,5
967,3.16666666667,3.0,0.799305253885,2,5
968,3.72222222222,4.0,1.04379412378,1,5
969,3.8,4.0,1.08320512062,1,5
970,3.25,3.5,0.968245836552,1,4
971,3.67647058824,4.0,0.898383785253,1,5
972,3.17857142857,3.0,0.847415036979,1,5
973,3.5,3.5,1.11803398875,2,5
974,3.03125,3.0,1.04535804273,1,5
975,3.15909090909,3.0,1.06479152501,1,5
976,1.83333333333,1.5,1.14260910007,1,5
977,2.69387755102,3.0,1.0142672359,1,5
978,2.51851851852,2.0,1.10119027758,1,5
979,3.2,3.0,0.979795897113,1,5
980,3.18181818182,3.0,1.11340442854,1,5
981,1.75,1.5,0.829156197589,1,3
982,2.8,3.0,1.16619037897,1,5
983,2.4,2.0,0.711805216802,1,4
984,2.86363636364,3.0,1.27191532542,1,5
985,2.86363636364,3.0,0.967445302445,1,4
986,2.5652173913,3.0,1.27947295387,1,5
987,2.5,3.0,0.866025403784,1,3
988,2.31395348837,2.0,1.10244577894,1,5
989,2.84375,3.0,1.34882761593,1,5
990,3.09090909091,3.0,1.35654722943,1,5
991,2.24,2.0,1.06883113727,1,5
992,3.0,3.0,1.0,2,4
993,3.51515151515,4.0,0.957307212056,1,5
994,2.28571428571,2.0,1.03015750728,1,4
995,3.16129032258,3.0,1.19398422731,1,5
996,2.5,3.0,1.05220856162,1,4
997,2.125,2.0,1.11102430216,1,4
998,2.5625,2.5,1.27322179922,1,5
999,2.8,2.5,1.07703296143,1,4
1000,3.0,3.0,0.632455532034,2,4
1001,2.0,1.0,1.37198868114,1,5
1002,1.875,1.0,1.16592238164,1,4
1003,2.25,2.0,0.968245836552,1,4
1004,3.11111111111,3.0,0.99380799,1,4
1005,3.68181818182,4.0,1.25721060781,1,5
1006,2.82608695652,3.0,1.12876130311,1,5
1007,4.12765957447,4.0,0.672151872295,3,5
1008,3.37837837838,4.0,1.09917294095,1,5
1009,3.375,4.0,1.13880419739,1,5
1010,3.25,3.0,1.13066754217,1,5
1011,3.22580645161,3.0,0.951840687154,1,5
1012,3.53,4.0,1.06259117256,1,5
1013,2.28947368421,2.0,0.997573232686,1,4
1014,3.0612244898,3.0,1.02833654591,1,5
1015,2.83333333333,3.0,1.28019095798,1,5
1016,3.4598540146,3.0,1.0394734668,1,5
1017,3.24,3.0,1.01113797278,1,5
1018,3.1875,3.0,0.845484328654,1,5
1019,3.96774193548,4.0,1.0312495073,1,5
1020,3.88571428571,4.0,0.747239818893,2,5
1021,3.81578947368,4.0,1.16653475049,1,5
1022,3.4375,4.0,1.34483967446,1,5
1023,2.58064516129,3.0,0.907822405127,1,4
1024,3.6,3.0,1.2,1,5
1025,2.93181818182,3.0,1.28625119971,1,5
1026,2.5,2.0,1.65831239518,1,5
1027,2.66666666667,3.0,1.24721912892,1,4
1028,3.04054054054,3.0,1.08974568307,1,5
1029,2.0,1.5,1.25356634106,1,5
1030,2.25,2.0,1.13468057179,1,5
1031,2.28571428571,2.0,1.27775313,1,5
1032,2.875,3.0,1.05326872165,1,5
1033,2.78125,3.0,1.21794845437,1,5
1034,2.51851851852,2.0,1.1343253949,1,5
1035,3.16176470588,3.0,0.933215411071,1,5
1036,2.75,2.0,1.16368667031,1,5
1037,2.0,2.0,1.08012344973,1,5
1038,2.82352941176,3.0,1.3388007855,1,5
1039,4.01111111111,4.0,0.849763946889,2,5
1040,2.6,3.0,1.01980390272,1,5
1041,3.1935483871,3.0,1.0447828865,1,5
1042,3.14285714286,3.0,1.05945692673,1,5
1043,3.0,3.0,1.11803398875,1,5
1044,3.225,3.0,0.961444226151,1,5
1045,3.24,3.0,0.9068627239,2,5
1046,3.17391304348,3.0,0.892099327334,1,5
1047,2.83582089552,3.0,1.00887132037,1,5
1048,3.01369863014,3.0,0.972120273929,1,5
1049,2.52,3.0,0.943186089804,1,4
1050,3.6511627907,4.0,0.832025293953,2,5
1051,3.24390243902,3.0,0.957142286358,1,5
1052,2.28,2.0,1.14960862906,1,5
1053,3.45833333333,3.0,0.956520023604,1,5
1054,2.30434782609,3.0,1.12035641102,1,5
1055,3.2,3.0,0.748331477355,2,4
1056,3.2,3.5,1.16619037897,1,5
1057,2.31818181818,2.0,0.923745519677,1,4
1058,3.26666666667,3.0,1.12348663642,1,5
1059,2.77142857143,3.0,1.26684567299,1,5
1060,3.05128205128,3.0,1.13111512821,1,5
1061,2.93103448276,3.0,1.11203555149,1,5
1062,3.75,4.0,1.42156017577,1,5
1063,3.65853658537,4.0,1.0956623144,1,5
1064,4.25,4.0,0.433012701892,4,5
1065,3.49056603774,4.0,1.35455404497,1,5
1066,3.0,3.0,1.17260393996,1,5
1067,3.45454545455,4.0,1.09657618926,1,5
1068,3.16666666667,3.0,0.897527467856,1,4
1069,3.16666666667,4.0,1.38443731049,1,5
1070,3.74074074074,4.0,1.00342349512,1,5
1071,2.875,3.0,0.927024810887,1,4
1072,2.42857142857,3.0,1.04978131834,1,4
1073,3.81818181818,4.0,1.07180237478,1,5
1074,2.96103896104,3.0,1.04994197046,1,5
1075,3.42857142857,3.0,0.903507902905,2,5
1076,2.25,2.0,0.595119035712,1,3
1077,3.125,3.0,0.927024810887,1,4
1078,2.77272727273,3.0,1.08426004017,1,5
1079,2.24444444444,2.0,1.13833319777,1,5
1080,4.0,4.0,0.0,4,4
1081,2.75,3.0,1.08972473589,1,4
1082,2.625,3.0,0.484122918276,2,3
1083,2.5,3.0,0.763762615826,1,3
1084,3.85714285714,4.0,1.03674005034,2,5
1085,3.0,3.0,1.47709789175,1,5
1086,3.28571428571,3.0,1.11879429757,1,5
1087,1.7,1.0,1.00498756211,1,4
1088,2.23076923077,2.0,0.973008510821,1,4
1089,2.13157894737,2.0,1.08023030272,1,5
1090,2.40540540541,2.0,1.17310996834,1,5
1091,2.72093023256,3.0,0.972304416761,1,4
1092,2.5,3.0,0.763762615826,1,3
1093,3.08695652174,3.0,1.38039198838,1,5
1094,2.41666666667,2.0,1.4976833963,1,5
1095,2.62068965517,2.0,1.03102871639,1,5
1096,2.66666666667,3.0,0.471404520791,2,3
1097,3.5,4.0,1.21335164821,1,5
1098,3.69047619048,4.0,0.886085431711,1,5
1099,3.46153846154,4.0,1.33678055361,1,5
1100,2.625,2.5,0.992156741649,1,4
1101,3.77027027027,4.0,0.878378378378,1,5
1102,2.42857142857,3.0,1.29362644831,1,4
1103,3.78947368421,4.0,0.950287899225,2,5
1104,3.0,3.0,1.58113883008,1,5
1105,2.83333333333,3.0,1.30170827932,1,5
1106,3.0,3.0,1.0,2,4
1107,3.05555555556,3.0,0.970236066476,1,4
1108,2.4,3.0,1.2,1,4
1109,3.42857142857,3.5,0.942207568448,1,5
1110,2.85365853659,3.0,1.18034669586,1,5
1111,3.42857142857,4.0,1.17803017875,1,5
1112,2.8,3.0,0.832666399786,1,4
1113,3.27272727273,3.0,1.05234880934,1,5
1114,3.3,3.5,1.26885775404,1,5
1115,3.41379310345,4.0,0.891230895401,1,5
1116,3.61538461538,4.0,0.624926031126,3,5
1117,3.10526315789,3.0,0.967619805834,1,5
1118,3.25531914894,3.0,0.977797897283,1,5
1119,3.66101694915,4.0,0.815322947173,1,5
1120,3.0,3.0,1.08465228909,1,5
1121,3.7619047619,4.0,1.01909212186,2,5
1122,5.0,5.0,0.0,5,5
1123,3.66666666667,4.0,0.471404520791,3,4
1124,3.83333333333,4.0,0.37267799625,3,4
1125,4.25,4.0,0.433012701892,4,5
1126,3.34375,4.0,1.265142655,1,5
1127,2.90909090909,3.0,1.23983469973,1,5
1128,2.69230769231,3.0,1.2639751327,1,5
1129,3.57142857143,4.0,1.23717914826,1,5
1130,4.0,4.0,0.0,4,4
1131,4.0,4.0,0.784464540553,3,5
1132,2.625,3.0,1.11102430216,1,5
1133,2.96666666667,3.0,0.87496031656,1,5
1134,3.31578947368,3.0,1.14949103515,1,5
1135,2.97826086957,3.0,1.07317348236,1,5
1136,3.48275862069,4.0,1.03792530643,1,5
1137,3.96551724138,4.0,1.03333269405,1,5
1138,3.4,4.0,1.2,2,5
1139,2.60606060606,3.0,1.07137391089,1,5
1140,2.29411764706,2.0,0.955769224075,1,4
1141,3.33333333333,3.0,0.816496580928,2,5
1142,4.04545454545,4.0,1.0861639223,1,5
1143,4.0,4.0,0.894427191,2,5
1144,3.66666666667,3.0,0.942809041582,3,5
1145,2.66666666667,3.0,0.666666666667,2,4
1146,2.0,2.0,0.816496580928,1,3
1147,3.66666666667,4.0,0.835710894037,1,5
1148,3.33333333333,3.0,1.05409255339,1,5
1149,3.84615384615,4.0,0.661717328234,3,5
1150,3.11111111111,4.0,1.36986977844,1,5
1151,2.14285714286,2.0,0.832993127835,1,3
1152,3.42857142857,4.0,1.14731274316,1,5
1153,3.47368421053,3.0,0.938555500007,2,5
1154,3.33333333333,3.0,1.43372087784,1,5
1155,3.33333333333,3.0,1.24721912892,2,5
1156,3.0,3.0,0.0,3,3
1157,2.88,3.0,1.24322162143,1,5
1158,4.0,4.0,0.707106781187,3,5
1159,3.54545454545,4.0,1.37269717005,1,5
1160,3.61538461538,4.0,1.27330348902,1,5
1161,2.92307692308,3.0,0.828486893405,1,4
1162,1.6,1.0,0.8,1,3
1163,2.68,2.0,1.19063008529,1,5
1164,2.16666666667,2.5,0.897527467856,1,3
1165,1.85714285714,2.0,0.742307488958,1,3
1166,3.16666666667,3.0,1.28019095798,1,5
1167,3.54545454545,4.0,1.37269717005,1,5
1168,3.31818181818,3.5,1.01741042207,1,5
1169,4.1,4.0,0.538516480713,3,5
1170,3.07407407407,3.0,1.05148663456,1,5
1171,3.14285714286,3.0,0.989743318611,1,5
1172,3.66666666667,4.0,1.1352924244,1,5
1173,2.57142857143,2.0,1.04978131834,1,4
1174,3.25,3.0,1.19895788083,1,5
1175,3.4,5.0,1.95959179423,1,5
1176,3.36363636364,4.0,1.33298893624,1,5
1177,1.85714285714,1.0,1.45686271817,1,5
1178,2.47368421053,3.0,0.99305064548,1,4
1179,2.11111111111,2.0,0.99380799,1,4
1180,2.5,2.5,0.80622577483,1,4
1181,2.5,2.5,1.0246950766,1,4
1182,2.30769230769,2.0,0.721602424588,1,3
1183,2.21052631579,2.0,1.05525987662,1,4
1184,2.5,3.0,1.20415945788,1,5
1185,2.27777777778,2.0,1.09572682907,1,4
1186,3.33333333333,3.0,0.471404520791,3,4
1187,3.23076923077,3.0,1.04909089977,1,5
1188,2.77272727273,3.0,0.996896009066,1,5
1189,5.0,5.0,0.0,5,5
1190,3.36363636364,3.0,0.979120874024,2,5
1191,4.33333333333,5.0,0.942809041582,3,5
1192,3.38461538462,4.0,1.33234677505,1,5
1193,3.8,4.0,1.07703296143,1,5
1194,4.06451612903,4.0,0.87751422637,1,5
1195,3.27272727273,3.0,1.42004539562,1,5
1196,3.0,3.0,0.816496580928,2,4
1197,3.55555555556,4.0,0.804309380927,1,5
1198,3.14285714286,3.0,1.12485826772,1,5
1199,2.86956521739,3.0,1.36108485587,1,5
1200,3.28571428571,4.0,1.03015750728,1,4
1201,5.0,5.0,0.0,5,5
1202,3.5,4.0,1.11803398875,1,5
1203,4.04761904762,4.0,1.09004982307,2,5
1204,3.61111111111,4.0,0.890623307882,2,5
1205,3.0,3.0,1.15470053838,1,5
1206,2.68421052632,3.0,0.976170367947,1,5
1207,2.29411764706,2.0,1.12536038057,1,5
1208,2.85,3.0,0.909670269933,1,4
1209,2.53333333333,3.0,1.02415276638,1,4
1210,2.73684210526,3.0,1.16266958076,1,5
1211,3.41666666667,3.0,0.759202798262,2,5
1212,2.83333333333,2.5,0.897527467856,2,4
1213,2.16666666667,2.0,0.687184270936,1,3
1214,2.0,2.0,0.942809041582,1,4
1215,1.93333333333,2.0,0.963788819653,1,4
1216,3.0,3.0,0.816496580928,2,4
1217,2.87179487179,3.0,1.11354106413,1,5
1218,3.46153846154,3.5,0.929465074892,1,5
1219,2.9,3.0,0.994987437107,1,4
1220,3.33333333333,3.0,1.16428327977,1,5
1221,3.48717948718,3.0,1.00948818898,1,5
1222,2.68,3.0,0.968297474953,1,5
1223,3.5,3.5,0.5,3,4
1224,2.66666666667,3.0,0.849836585599,1,4
1225,2.64285714286,3.0,0.717848258651,1,4
1226,3.375,4.0,0.7806247498,2,4
1227,2.375,2.5,0.992156741649,1,4
1228,2.45833333333,3.0,1.05984144516,1,4
1229,2.15384615385,2.0,1.0986812967,1,5
1230,1.83333333333,2.0,0.763762615826,1,3
1231,2.5,2.5,0.891882585016,1,4
1232,2.47058823529,3.0,1.09101394065,1,5
1233,3.5,3.5,1.38443731049,1,5
1234,2.375,2.0,1.49478259289,1,5
1235,4.0,4.0,0.0,4,4
1236,3.0,3.0,0.0,3,3
1237,3.5,3.0,0.763762615826,3,5
1238,3.125,3.0,1.05326872165,2,5
1239,2.44444444444,2.0,1.21207912385,1,5
1240,3.65384615385,4.0,1.29918044262,1,5
1241,2.66666666667,2.5,1.10554159679,1,4
1242,2.6,2.0,1.62480768093,1,5
1243,3.71428571429,4.0,0.699854212224,3,5
1244,2.91666666667,3.0,0.924211375534,1,5
1245,3.21052631579,3.0,1.28058158533,1,5
1246,1.57142857143,1.0,0.728431359085,1,3
1247,1.83333333333,2.0,0.687184270936,1,3
1248,3.0,3.0,0.72547625011,1,4
1249,2.83333333333,3.0,0.799305253885,1,4
1250,1.5,1.0,0.763762615826,1,3
1251,4.125,4.0,0.7806247498,3,5
1252,3.0,3.0,1.24721912892,1,5
1253,2.42857142857,2.0,1.17803017875,1,4
1254,1.81818181818,2.0,0.833195580901,1,3
1255,2.25,2.0,0.968245836552,1,4
1256,2.0,2.0,0.816496580928,1,3
1257,1.75,1.5,0.829156197589,1,3
1258,2.52173913043,3.0,1.09820269046,1,5
1259,2.0,2.0,1.0,1,3
1260,2.75,2.5,1.47901994577,1,5
1261,3.25,4.0,1.29903810568,1,4
1262,3.625,3.0,1.11102430216,2,5
1263,2.93333333333,3.0,0.853749898324,1,4
1264,3.28571428571,3.0,0.699854212224,2,4
1265,3.05263157895,3.0,1.2343199368,1,5
1266,3.16666666667,3.5,1.34370962472,1,5
1267,3.0,3.0,0.887625364599,1,4
1268,3.3,3.0,1.34536240471,1,5
1269,3.9,4.0,1.04403065089,2,5
1270,2.28571428571,3.0,0.880630571853,1,3
1271,2.71428571429,2.0,0.880630571853,2,4
1272,1.8,1.0,0.979795897113,1,3
1273,2.73333333333,2.0,0.928559218479,2,5
1274,1.72727272727,2.0,0.749655568294,1,3
1275,2.5,2.0,1.65831239518,1,5
1276,2.5,2.5,1.11803398875,1,4
1277,3.42105263158,4.0,1.09139165018,1,5
1278,3.625,4.0,1.2183492931,1,5
1279,2.88888888889,3.0,0.874889763779,1,4
1280,2.6875,3.0,1.40172884325,1,5
1281,3.15384615385,3.0,1.02628185109,1,5
1282,3.22222222222,3.0,1.22726233524,1,5
1283,2.68421052632,3.0,1.12636497679,1,5
1284,2.84615384615,3.0,0.988094813743,1,5
1285,3.13333333333,3.0,0.618241233033,2,4
1286,3.70588235294,4.0,1.07181571519,2,5
1287,1.33333333333,1.0,0.471404520791,1,2
1288,3.0,4.0,1.30930734142,1,4
1289,2.14285714286,2.0,0.989743318611,1,4
1290,1.5,1.5,0.5,1,2
1291,2.2,2.0,0.979795897113,1,4
1292,1.66666666667,1.0,0.942809041582,1,3
1293,5.0,5.0,0.0,5,5
1294,3.14285714286,4.0,1.45686271817,1,5
1295,2.57142857143,3.0,1.29362644831,1,5
1296,3.25,3.0,1.21963109177,1,5
1297,2.83333333333,3.0,1.14260910007,1,4
1298,3.66666666667,3.0,1.05409255339,2,5
1299,3.0,3.0,0.866025403784,2,4
1300,2.33333333333,2.0,0.942809041582,1,4
1301,3.8,4.0,0.748331477355,3,5
1302,3.4,3.0,1.49666295471,1,5
1303,2.33333333333,2.0,0.881917103688,1,4
1304,2.5,2.5,1.5,1,4
1305,2.42857142857,3.0,1.04978131834,1,4
1306,3.0,3.0,2.0,1,5
1307,1.5,1.5,0.5,1,2
1308,1.0,1.0,0.0,1,1
1309,1.0,1.0,0.0,1,1
1310,3.0,3.0,0.0,3,3
1311,2.5,3.0,1.22474487139,1,5
1312,3.0,3.0,1.06904496765,1,4
1313,3.14285714286,3.5,1.18666055185,1,5
1314,2.45454545455,3.0,0.782029569731,1,3
1315,3.13043478261,3.0,0.946588741612,1,4
1316,2.71428571429,3.0,1.57790871674,1,5
1317,2.0,1.5,1.22474487139,1,4
1318,1.33333333333,1.0,0.471404520791,1,2
1319,1.75,1.5,0.829156197589,1,3
1320,1.0,1.0,0.0,1,1
1321,2.5,2.5,1.5,1,4
1322,2.33333333333,2.5,0.7453559925,1,3
1323,2.66666666667,3.0,1.24721912892,1,4
1324,2.4,2.0,1.01980390272,1,4
1325,1.0,1.0,0.0,1,1
1326,3.33333333333,4.0,1.10554159679,1,4
1327,2.33333333333,2.0,1.24721912892,1,4
1328,3.16666666667,4.0,1.21335164821,1,4
1329,1.0,1.0,0.0,1,1
1330,2.5,3.0,0.866025403784,1,3
1331,3.0,3.5,1.22474487139,1,4
1332,2.0,2.0,1.0,1,3
1333,2.8,3.0,0.979795897113,1,4
1334,1.0,1.0,0.0,1,1
1335,2.63636363636,3.0,1.06794001132,1,4
1336,1.8,1.5,0.871779788708,1,3
1337,2.33333333333,3.0,0.942809041582,1,3
1338,2.25,2.0,1.29903810568,1,4
1339,1.0,1.0,0.0,1,1
1340,1.0,1.0,0.0,1,1
1341,1.0,1.0,0.0,1,1
1342,2.5,2.5,1.5,1,4
1343,1.0,1.0,0.0,1,1
1344,3.2,3.0,1.32664991614,1,5
1345,2.0,2.0,1.0,1,3
1346,2.4,3.0,1.2,1,4
1347,2.75,2.5,1.47901994577,1,5
1348,1.0,1.0,0.0,1,1
1349,1.0,1.0,0.0,1,1
1350,1.5,1.5,0.5,1,2
1351,2.0,2.0,0.816496580928,1,3
1352,1.0,1.0,0.0,1,1
1353,2.6,3.0,1.35646599663,1,4
1354,1.0,1.0,0.0,1,1
1355,2.66666666667,2.5,1.6996731712,1,5
1356,2.66666666667,3.0,1.24721912892,1,4
1357,2.66666666667,2.0,1.6996731712,1,5
1358,3.0,3.0,2.0,1,5
1359,1.0,1.0,0.0,1,1
1360,1.5,1.5,0.5,1,2
1361,2.66666666667,3.0,1.24721912892,1,4
1362,2.0,2.0,1.0,1,3
1363,1.0,1.0,0.0,1,1
1364,1.0,1.0,0.0,1,1
1365,1.5,1.5,0.5,1,2
1366,1.0,1.0,0.0,1,1
1367,4.2,5.0,1.16619037897,2,5
1368,3.66666666667,4.5,1.59861050777,1,5
1369,2.75,3.0,1.08972473589,1,4
1370,2.66666666667,3.0,1.24721912892,1,4
1371,1.5,1.5,0.5,1,2
1372,3.0,4.0,1.41421356237,1,4
1373,1.0,1.0,0.0,1,1
1374,1.0,1.0,0.0,1,1
1375,3.6,3.5,1.2,1,5
1376,2.14285714286,2.0,0.989743318611,1,4
1377,3.25,3.5,1.47901994577,1,5
1378,2.2,2.0,0.748331477355,1,3
1379,2.85714285714,3.0,0.832993127835,1,4
1380,2.33333333333,2.0,0.942809041582,1,4
1381,3.25,3.0,0.829156197589,2,5
1382,2.0,2.0,1.0,1,3
1383,2.0,1.5,1.15470053838,1,4
1384,1.66666666667,1.0,0.942809041582,1,3
1385,2.8,3.0,1.16619037897,1,4
1386,2.66666666667,3.0,1.24721912892,1,4
1387,2.0,2.0,0.816496580928,1,3
1388,3.33333333333,3.5,1.24721912892,1,5
1389,3.0,3.0,1.63299316186,1,5
1390,2.0,2.0,1.0,1,3
1391,2.0,1.0,1.41421356237,1,4
1392,2.0,1.0,1.26491106407,1,4
1393,2.11111111111,2.0,0.73702773119,1,3
1394,2.42857142857,1.0,1.67819144635,1,5
1395,2.33333333333,2.0,1.37436854187,1,4
1396,4.2,4.0,0.4,4,5
1397,3.2,4.0,1.16619037897,1,4
1398,4.5,4.5,0.5,4,5
1399,2.42857142857,2.0,0.903507902905,1,4
1400,3.1,3.0,1.04403065089,1,5
1401,3.22222222222,3.0,1.13311544747,1,5
1402,2.75,3.0,1.29903810568,1,4
1403,2.75,3.0,1.08972473589,1,4
1404,3.23076923077,3.0,1.24985206225,1,5
1405,3.33333333333,3.5,1.490711985,1,5
1406,3.4,3.0,0.489897948557,3,4
1407,2.25,2.0,0.766485485838,1,3
1408,1.0,1.0,0.0,1,1
1409,2.85714285714,3.0,1.12485826772,1,4
1410,2.75,2.5,1.47901994577,1,5
1411,2.57142857143,3.0,1.08326792058,1,4
1412,1.66666666667,1.5,0.7453559925,1,3
1413,2.75,2.5,1.19895788083,1,5
1414,2.0,2.0,0.0,2,2
1415,2.44444444444,2.0,1.06574033851,1,4
1416,2.4,2.0,0.489897948557,2,3
1417,2.5,2.5,0.5,2,3
1418,3.66666666667,4.0,0.471404520791,3,4
1419,2.125,2.0,1.05326872165,1,5
1420,1.33333333333,1.0,0.471404520791,1,2
1421,3.18181818182,3.0,1.11340442854,1,5
1422,2.25,2.5,0.829156197589,1,3
1423,2.25,2.5,0.829156197589,1,3
1424,2.33333333333,3.0,0.942809041582,1,3
1425,2.6,2.5,1.11355287257,1,4
1426,3.25,3.0,1.19895788083,2,5
1427,2.8,2.0,1.16619037897,2,5
1428,3.66666666667,3.5,0.7453559925,3,5
1429,2.75,2.5,1.78535710714,1,5
1430,2.33333333333,3.0,0.942809041582,1,3
1431,3.4,4.0,1.35646599663,1,5
1432,1.0,1.0,0.0,1,1
1433,2.0,2.0,1.0,1,3
1434,2.5,2.5,1.43178210633,1,5
1435,2.57142857143,3.0,0.903507902905,1,4
1436,2.5,2.5,0.5,2,3
1437,2.0,2.0,0.666666666667,1,3
1438,2.4,3.0,1.2,1,4
1439,3.0,3.0,1.11803398875,1,5
1440,3.0,3.0,0.632455532034,2,4
1441,2.57142857143,3.0,0.728431359085,1,3
1442,2.4,3.0,1.2,1,4
1443,3.75,4.0,1.08972473589,2,5
1444,2.47368421053,3.0,0.938555500007,1,4
1445,2.75,3.0,1.08972473589,1,4
1446,3.13333333333,3.0,1.02415276638,1,5
1447,3.0,3.0,0.0,3,3
1448,3.66666666667,3.0,0.942809041582,3,5
1449,4.625,5.0,0.484122918276,4,5
1450,4.0,4.0,1.0,3,5
1451,3.86666666667,4.0,0.718021974285,3,5
1452,4.0,4.0,0.0,4,4
1453,2.0,2.0,0.0,2,2
1454,3.0,3.0,0.57735026919,2,4
1455,2.5,2.5,0.5,2,3
1456,3.71428571429,4.0,0.451753951453,3,4
1457,3.0,3.0,0.0,3,3
1458,4.0,4.0,0.0,4,4
1459,3.57142857143,4.0,0.903507902905,2,5
1460,3.0,3.0,0.0,3,3
1461,2.0,2.0,0.0,2,2
1462,3.71428571429,3.0,0.880630571853,3,5
1463,3.33333333333,4.0,1.6996731712,1,5
1464,2.33333333333,2.0,1.24721912892,1,4
1465,2.33333333333,2.0,0.471404520791,2,3
1466,4.0,4.0,0.816496580928,3,5
1467,5.0,5.0,0.0,5,5
1468,3.33333333333,3.5,1.24721912892,1,5
1469,3.16666666667,3.0,1.14260910007,1,5
1470,2.6,2.0,1.35646599663,1,5
1471,2.44444444444,2.0,1.06574033851,1,4
1472,3.5,3.5,1.5,2,5
1473,3.55555555556,4.0,1.16534316463,1,5
1474,2.83333333333,3.0,1.06718737291,1,4
1475,2.875,3.0,1.16592238164,1,5
1476,2.0,2.0,0.0,2,2
1477,2.5,2.5,0.5,2,3
1478,2.72222222222,3.0,0.989138545265,1,4
1479,2.75,3.0,1.08972473589,1,5
1480,2.27272727273,2.0,0.962091385842,1,4
1481,3.0,3.0,1.0,2,4
1482,4.0,4.0,0.0,4,4
1483,3.41666666667,4.0,1.03749163317,1,5
1484,2.66666666667,3.0,1.24721912892,1,4
1485,3.5,3.5,0.5,3,4
1486,1.0,1.0,0.0,1,1
1487,2.0,2.0,0.894427191,1,3
1488,3.0,3.5,1.22474487139,1,4
1489,2.2,2.0,0.748331477355,1,3
1490,3.0,3.0,0.816496580928,2,4
1491,3.0,3.0,2.0,1,5
1492,4.0,4.0,0.0,4,4
1493,1.0,1.0,0.0,1,1
1494,1.0,1.0,0.0,1,1
1495,3.6,3.0,0.8,3,5
1496,2.8,3.0,1.16619037897,1,4
1497,3.0,3.0,1.0,2,4
1498,4.0,4.0,0.0,4,4
1499,3.25,3.5,1.47901994577,1,5
1500,5.0,5.0,0.0,5,5
1501,3.0,3.0,1.09544511501,1,4
1502,1.5,1.5,0.5,1,2
1503,3.1,3.0,1.13578166916,1,5
1504,3.66666666667,4.0,0.471404520791,3,4
1505,4.0,4.0,0.0,4,4
1506,3.66666666667,4.0,0.471404520791,3,4
1507,3.0,3.0,0.0,3,3
1508,2.33333333333,3.0,0.942809041582,1,3
1509,1.6,1.0,0.8,1,3
1510,3.0,3.0,0.0,3,3
1511,3.2,3.0,0.748331477355,2,4
1512,4.0,5.0,1.52752523165,1,5
1513,2.0,2.0,0.0,2,2
1514,3.14285714286,3.0,1.12485826772,2,5
1515,4.0,4.0,0.0,4,4
1516,4.0,4.0,0.816496580928,3,5
1517,2.8,3.0,1.16619037897,1,4
1518,3.0,3.0,0.816496580928,2,4
1519,3.0,3.0,1.0,2,4
1520,3.0,3.0,0.0,3,3
1521,3.0,3.0,0.0,3,3
1522,2.42857142857,3.0,0.728431359085,1,3
1523,3.0,3.0,1.0,2,4
1524,4.25,4.0,0.661437827766,3,5
1525,4.0,4.0,0.0,4,4
1526,4.0,4.0,0.0,4,4
1527,2.42857142857,2.0,1.17803017875,1,4
1528,2.33333333333,2.0,0.471404520791,2,3
1529,2.8,3.0,1.32664991614,1,5
1530,2.0,2.0,0.632455532034,1,3
1531,3.28571428571,4.0,1.03015750728,1,4
1532,2.0,2.0,0.0,2,2
1533,4.0,4.0,0.0,4,4
1534,2.16666666667,1.5,1.34370962472,1,4
1535,3.0,3.5,1.22474487139,1,4
1536,5.0,5.0,0.0,5,5
1537,4.0,4.0,0.707106781187,3,5
1538,3.0,3.0,0.0,3,3
1539,1.75,2.0,0.433012701892,1,2
1540,2.8,2.5,1.16619037897,1,5
1541,3.5,3.5,0.5,3,4
1542,3.0,3.0,1.0,2,4
1543,3.0,3.0,0.0,3,3
1544,2.66666666667,3.0,1.24721912892,1,4
1545,2.5,2.0,0.866025403784,2,4
1546,1.0,1.0,0.0,1,1
1547,3.0,3.0,1.0,2,4
1548,1.0,1.0,0.0,1,1
1549,1.5,1.5,0.5,1,2
1550,3.0,3.0,0.0,3,3
1551,2.0,2.0,1.0,1,3
1552,2.0,2.0,0.816496580928,1,3
1553,2.75,3.0,1.08972473589,1,4
1554,3.0,3.0,1.0,2,4
1555,2.6,3.0,1.01980390272,1,4
1556,2.0,2.0,1.0,1,3
1557,1.0,1.0,0.0,1,1
1558,3.57142857143,5.0,1.76126114371,1,5
1559,1.0,1.0,0.0,1,1
1560,2.75,3.0,1.29903810568,1,4
1561,1.0,1.0,0.0,1,1
1562,1.0,1.0,0.0,1,1
1563,1.0,1.0,0.0,1,1
1564,1.0,1.0,0.0,1,1
1565,1.0,1.0,0.0,1,1
1566,1.0,1.0,0.0,1,1
1567,1.0,1.0,0.0,1,1
1568,1.0,1.0,0.0,1,1
1569,1.0,1.0,0.0,1,1
1570,1.0,1.0,0.0,1,1
1571,1.0,1.0,0.0,1,1
1572,1.0,1.0,0.0,1,1
1573,2.5,2.5,1.5,1,4
1574,1.0,1.0,0.0,1,1
1575,1.0,1.0,0.0,1,1
1576,1.0,1.0,0.0,1,1
1577,1.0,1.0,0.0,1,1
1578,2.0,2.0,1.0,1,3
1579,1.0,1.0,0.0,1,1
1580,1.0,1.0,0.0,1,1
1581,1.0,1.0,0.0,1,1
1582,1.0,1.0,0.0,1,1
1583,1.0,1.0,0.0,1,1
1584,1.0,1.0,0.0,1,1
1585,2.5,2.5,1.5,1,4
1586,1.0,1.0,0.0,1,1
1587,1.0,1.0,0.0,1,1
1588,2.0,2.0,1.0,1,3
1589,3.0,3.0,1.41421356237,1,5
1590,2.0,2.0,1.0,1,3
1591,3.16666666667,3.5,1.67497927019,1,5
1592,3.6,4.0,1.49666295471,1,5
1593,4.0,4.0,0.0,4,4
1594,4.5,4.5,0.5,4,5
1595,2.0,2.0,0.0,2,2
1596,2.0,2.0,0.0,2,2
1597,3.0,3.0,1.26491106407,1,5
1598,2.5,2.5,1.38443731049,1,5
1599,5.0,5.0,0.0,5,5
1600,3.75,3.5,0.829156197589,3,5
1601,1.0,1.0,0.0,1,1
1602,3.33333333333,3.0,0.471404520791,3,4
1603,3.0,3.0,0.0,3,3
1604,4.0,4.0,0.0,4,4
1605,3.0,2.5,1.22474487139,2,5
1606,2.0,2.0,0.0,2,2
1607,3.33333333333,3.0,1.24721912892,2,5
1608,2.25,2.0,0.433012701892,2,3
1609,1.66666666667,1.0,0.942809041582,1,3
1610,2.0,2.0,0.816496580928,1,3
1611,3.0,3.0,0.0,3,3
1612,3.75,4.5,1.63935963108,1,5
1613,4.0,4.0,0.0,4,4
1614,3.0,3.0,0.0,3,3
1615,3.0,3.0,1.0,1,4
1616,4.0,4.0,0.0,4,4
1617,3.0,3.0,2.0,1,5
1618,1.0,1.0,0.0,1,1
1619,3.0,3.0,0.0,3,3
1620,3.22222222222,3.0,1.13311544747,1,5
1621,1.0,1.0,0.0,1,1
1622,2.33333333333,2.0,1.24721912892,1,4
1623,4.0,4.0,0.0,4,4
1624,2.0,2.0,0.0,2,2
1625,4.0,4.0,0.0,4,4
1626,1.0,1.0,0.0,1,1
1627,3.0,3.0,0.0,3,3
1628,3.75,4.0,1.29903810568,2,5
1629,4.0,4.0,1.0,3,5
1630,3.0,3.0,0.0,3,3
1631,3.5,3.5,0.5,3,4
1632,3.0,3.0,0.0,3,3
1633,3.0,3.0,0.0,3,3
1634,2.0,2.0,0.0,2,2
1635,3.0,3.0,0.0,3,3
1636,4.0,4.0,0.0,4,4
1637,3.0,3.0,0.0,3,3
1638,3.0,3.0,0.0,3,3
1639,4.33333333333,4.0,0.471404520791,4,5
1640,3.0,3.0,0.0,3,3
1641,3.0,3.0,0.0,3,3
1642,4.5,4.5,0.5,4,5
1643,3.75,4.0,1.29903810568,2,5
1644,1.5,1.5,0.5,1,2
1645,4.0,4.0,0.0,4,4
1646,3.5,3.5,0.5,3,4
1647,3.0,3.0,0.0,3,3
1648,2.0,2.0,0.0,2,2
1649,3.0,3.0,0.0,3,3
1650,4.0,4.0,0.0,4,4
1651,4.0,4.0,0.0,4,4
1652,1.66666666667,1.0,0.942809041582,1,3
1653,5.0,5.0,0.0,5,5
1654,1.0,1.0,0.0,1,1
1655,2.0,2.0,0.0,2,2
1656,3.5,3.5,1.5,2,5
1657,3.0,3.0,0.0,3,3
1658,3.0,3.0,0.816496580928,2,4
1659,1.0,1.0,0.0,1,1
1660,2.0,2.0,0.0,2,2
1661,1.0,1.0,0.0,1,1
1662,2.5,2.5,1.5,1,4
1663,2.0,2.0,0.0,2,2
1664,3.25,4.0,1.29903810568,1,4
1665,2.0,2.0,0.0,2,2
1666,2.0,2.0,0.0,2,2
1667,3.0,3.0,0.0,3,3
1668,3.0,3.0,0.0,3,3
1669,2.0,2.0,0.0,2,2
1670,3.0,3.0,0.0,3,3
1671,1.0,1.0,0.0,1,1
1672,2.0,2.0,0.0,2,2
1673,3.0,3.0,0.0,3,3
1674,4.0,4.0,0.0,4,4
1675,3.0,3.0,0.0,3,3
1676,2.0,2.0,0.0,2,2
1677,3.0,3.0,0.0,3,3
1678,1.0,1.0,0.0,1,1
1679,3.0,3.0,0.0,3,3
1680,2.0,2.0,0.0,2,2
1681,3.0,3.0,0.0,3,3
1682,3.0,3.0,0.0,3,3
